<?xml version="1.0"?>
<ruleset name="IIS Style Guide 1.0">
	<description>Wordpress, IIS Style Guide 1.0</description>
	<exclude-pattern>node_modules/*</exclude-pattern>
    <exclude-pattern>**/*.css</exclude-pattern>
    <exclude-pattern>**/*.js</exclude-pattern>
    <exclude-pattern>vendor/symfony</exclude-pattern>
    <exclude-pattern>vendor/composer</exclude-pattern>
    <exclude-pattern>vendor/illuminate</exclude-pattern>
    <exclude-pattern>vendor/bin</exclude-pattern>

	<rule ref="Generic.Files.ByteOrderMark"/>
	<rule ref="Generic.Files.LineEndings"/>
	<rule ref="Generic.Functions.OpeningFunctionBraceKernighanRitchie"/>
	<rule ref="WordPress">
		<exclude name="Generic.Commenting.DocComment.SpacingAfter"/>
		<exclude name="Generic.Files.LineLength"/>
		<exclude name="Generic.WhiteSpace.ScopeIndent"/>
		<exclude name="Generic.WhiteSpace.DisallowTabIndent"/>
		<exclude name="WordPress.XSS.EscapeOutput"/>
		<exclude name="WordPress.PHP.StrictComparisons"/>
		<exclude name="WordPress.PHP.DiscouragedFunctions.DiscouragedWithAlternative" />
		<exclude name="WordPress.Variables.GlobalVariables"/>
		<exclude name="Squiz.Commenting.InlineComment.InvalidEndChar"/>
		<exclude name="Squiz.Commenting.BlockComment.NoNewLine"/>
		<exclude name="Squiz.Commenting.BlockComment.NoEmptyLineBefore"/>
		<exclude name="Squiz.Commenting.InlineComment.NotCapital"/>
		<exclude name="Squiz.Commenting.FileComment.WrongStyle"/>
		<exclude name="Squiz.Commenting.FileComment.Missing"/>
		<exclude name="Squiz.Commenting.FunctionComment.Missing"/>
		<exclude name="Squiz.Commenting.InlineComment.NoSpaceBefore"/>
		<exclude name="Squiz.Commenting.FunctionComment.ParamCommentFullStop"/>
		<exclude name="WordPress.VIP.PostsPerPage.posts_per_page" />
		<exclude name="WordPress.VIP.DirectDatabaseQuery" />
		<exclude name="WordPress.VIP.ValidatedSanitizedInput" />
		<exclude name="WordPress.VIP.SessionVariableUsage" />
		<exclude name="WordPress.VIP.SuperGlobalInputUsage" />
		<exclude name="WordPress.VIP.RestrictedVariables.cache_constraints" />
		<exclude name="WordPress.VIP.RestrictedFunctions" />
		<exclude name="WordPress.VIP.SlowDBQuery.slow_db_query" />
		<exclude name="WordPress.VIP.RestrictedVariables.user_meta" />
	</rule>
</ruleset>
